name,iamge,description,link
Card 1,https://google.com,Card 1,https://google.com
Card 1,https://google.com,Card 1,https://google.com
Card 1,https://google.com,Card 1,https://google.com
Card 1,https://google.com,Card 1,https://google.com
Card 1,https://google.com,Card 1,https://google.com
Card 1,https://google.com,Card 1,https://google.com
Card 1,https://google.com,Card 1,https://google.com
Card 1,https://google.com,Card 1,https://google.com
Card 2,https://google.com,Card 2,https://google.com
Card 3,https://google.com,Card 3,https://google.com
Card 4,https://google.com,Card 4,https://google.com
Card 5,https://google.com,Card 5,https://google.com
Card 6,https://google.com,Card 6,https://google.com
Card 7,https://google.com,Card 7,https://google.com
Card 8,https://google.com,Card 8,https://google.com
Card 9,https://google.com,Card 9,https://google.com
Card 10,https://google.com,Card 10,https://google.com
Card 11,https://google.com,Card 11,https://google.com
Card 12,https://google.com,Card 12,https://google.com
Card 13,https://google.com,Card 13,https://google.com
Card 14,https://google.com,Card 14,https://google.com
Card 15,https://google.com,Card 15,https://google.com
