Demo,Coming Soon,https://google.com
Demo,Coming Soon,https://google.com
Demo,Coming Soon,https://google.com
Demo,Coming Soon,https://google.com
Demo,Coming Soon,https://google.com
Demo,Coming Soon,https://google.com
Demo,Coming Soon,https://google.com
Demo,Coming Soon,https://google.com
Demo,Coming Soon,https://google.com
Demo,Coming Soon,https://google.com
Demo,Coming Soon,https://google.com
Demo,Coming Soon,https://google.com
Demo,Coming Soon,https://google.com
Demo,Coming Soon,https://google.com
Demo,Coming Soon,https://google.com
Demo,Coming Soon,https://google.com
Demo,Coming Soon,https://google.com
Demo,Coming Soon,https://google.com
Demo,Coming Soon,https://google.com
Demo,Coming Soon,https://google.com
Demo,Coming Soon,https://google.com
Demo,Coming Soon,https://google.com
Demo,Coming Soon,https://google.com
Demo,Coming Soon,https://google.com
Demo,Coming Soon,https://google.com
Demo,Coming Soon,https://google.com
Demo,Coming Soon,https://google.com
Demo,Coming Soon,https://google.com
Demo,Coming Soon,https://google.com
Demo,Coming Soon,https://google.com
Demo,Coming Soon,https://google.com
Demo,Coming Soon,https://google.com
Demo,Coming Soon,https://google.com
Demo,Coming Soon,https://google.com
Demo,Coming Soon,https://google.com
Demo,Coming Soon,https://google.com
Demo,Coming Soon,https://google.com
Demo,Coming Soon,https://google.com